stream,level,pairs,changed,changed_loop,gap_lo_s,gap_hi_s,same,p_changed
scamper,sig_ip,2433,1006,0,0.0,1.0,1427,0.4134812988080559
scamper,sig_ip,1891,635,0,1.0,10.0,1256,0.3358011634056055
scamper,sig_ip,225,82,0,10.0,60.0,143,0.36444444444444446
scamper,sig_ip,260,67,0,60.0,300.0,193,0.25769230769230766
scamper,sig_ip,4922,1767,0,300.0,600.0,3155,0.35900040633888664
scamper,sig_ip,927428,202385,0,600.0,1800.0,725043,0.21822179188034005
scamper,sig_ip,252142,59326,0,1800.0,3600.0,192816,0.23528805197071492
scamper,sig_ip,281250,66947,0,3600.0,7200.0,214303,0.2380337777777778
scamper,sig_ip,440647,107129,0,7200.0,21600.0,333518,0.24311750675710944
scamper,sig_ip,266196,69359,0,21600.0,43200.0,196837,0.26055613157222496
scamper,sig_ip,332224,84918,0,43200.0,86400.0,247306,0.25560465228279716
scamper,sig_ip,289332,74395,0,86400.0,inf,214937,0.25712676095281545
scamper,sig_p24,2433,204,0,0.0,1.0,2229,0.08384710234278668
scamper,sig_p24,1891,152,0,1.0,10.0,1739,0.08038075092543628
scamper,sig_p24,225,30,0,10.0,60.0,195,0.13333333333333333
scamper,sig_p24,260,40,0,60.0,300.0,220,0.15384615384615385
scamper,sig_p24,4922,1529,0,300.0,600.0,3393,0.310646078829744
scamper,sig_p24,927428,147878,0,600.0,1800.0,779550,0.15944957452222705
scamper,sig_p24,252142,37065,0,1800.0,3600.0,215077,0.14700049971841264
scamper,sig_p24,281250,44701,0,3600.0,7200.0,236549,0.15893688888888888
scamper,sig_p24,440647,81533,0,7200.0,21600.0,359114,0.18503019423711042
scamper,sig_p24,266196,55969,0,21600.0,43200.0,210227,0.2102548498099145
scamper,sig_p24,332224,71315,0,43200.0,86400.0,260909,0.2146593864380659
scamper,sig_p24,289332,63437,0,86400.0,inf,225895,0.21925331453140337
revtr,sig_ip,214298,12606,51,0.0,1.0,201692,0.05882462738802975
revtr,sig_ip,310485,2658,2,1.0,10.0,307827,0.008560800038649211
revtr,sig_ip,1041075,7837,33,10.0,60.0,1033238,0.007527795788007588
revtr,sig_ip,258852,6919,7,60.0,300.0,251933,0.026729559748427674
revtr,sig_ip,67927,5244,16,300.0,600.0,62683,0.07720052409203998
revtr,sig_ip,117406,19641,50,600.0,1800.0,97765,0.16729127983237654
revtr,sig_ip,80932,16712,61,1800.0,3600.0,64220,0.20649434092818664
revtr,sig_ip,86403,18110,54,3600.0,7200.0,68293,0.2095992037313519
revtr,sig_ip,141889,33300,106,7200.0,21600.0,108589,0.23469049750156812
revtr,sig_ip,74421,20721,43,21600.0,43200.0,53700,0.2784294755512557
revtr,sig_ip,82125,32344,74,43200.0,86400.0,49781,0.3938386605783866
revtr,sig_ip,53264,24810,36,86400.0,inf,28454,0.4657930309402223
revtr,sig_as,213973,3829,45,0.0,1.0,210144,0.017894781117243765
revtr,sig_as,310083,777,1,1.0,10.0,309306,0.002505780710325945
revtr,sig_as,1039471,2576,26,10.0,60.0,1036895,0.0024781836145500932
revtr,sig_as,258133,2410,4,60.0,300.0,255723,0.009336272386715375
revtr,sig_as,67549,2146,13,300.0,600.0,65403,0.03176953026691735
revtr,sig_as,116675,7904,42,600.0,1800.0,108771,0.06774373259052925
revtr,sig_as,80419,6554,52,1800.0,3600.0,73865,0.08149815342145512
revtr,sig_as,85885,7010,45,3600.0,7200.0,78875,0.081620771962508
revtr,sig_as,141108,12740,88,7200.0,21600.0,128368,0.09028545511239618
revtr,sig_as,74134,8632,38,21600.0,43200.0,65502,0.11643780181832897
revtr,sig_as,81643,14976,61,43200.0,86400.0,66667,0.1834327498989503
revtr,sig_as,53038,12259,24,86400.0,inf,40779,0.23113616652211622
revtr,sig_rr_ip,112665,2469,28,0.0,1.0,110196,0.021914525362801224
revtr,sig_rr_ip,150934,587,1,1.0,10.0,150347,0.0038891170975393218
revtr,sig_rr_ip,494178,2708,22,10.0,60.0,491470,0.00547980687120835
revtr,sig_rr_ip,141912,4467,3,60.0,300.0,137445,0.03147725350921698
revtr,sig_rr_ip,47422,4063,8,300.0,600.0,43359,0.08567753363417822
revtr,sig_rr_ip,81822,11724,33,600.0,1800.0,70098,0.1432866466231576
revtr,sig_rr_ip,55777,8787,40,1800.0,3600.0,46990,0.1575380533194686
revtr,sig_rr_ip,58731,8609,34,3600.0,7200.0,50122,0.14658357596499294
revtr,sig_rr_ip,93072,13636,85,7200.0,21600.0,79436,0.14651022864019253
revtr,sig_rr_ip,48948,8395,33,21600.0,43200.0,40553,0.17150853967475688
revtr,sig_rr_ip,53671,11380,50,43200.0,86400.0,42291,0.21203256879879265
revtr,sig_rr_ip,35160,9249,19,86400.0,inf,25911,0.26305460750853243
revtr,sig_rr_as,111481,878,26,0.0,1.0,110603,0.007875781523308905
revtr,sig_rr_as,150269,180,1,1.0,10.0,150089,0.001197851852344795
revtr,sig_rr_as,490179,633,20,10.0,60.0,489546,0.001291364991156292
revtr,sig_rr_as,140369,806,2,60.0,300.0,139563,0.005742008563144284
revtr,sig_rr_as,46721,943,6,300.0,600.0,45778,0.020183643329552022
revtr,sig_rr_as,80538,3333,30,600.0,1800.0,77205,0.04138419131341727
revtr,sig_rr_as,54852,2719,37,1800.0,3600.0,52133,0.04956975133085394
revtr,sig_rr_as,57794,2880,34,3600.0,7200.0,54914,0.04983216250821885
revtr,sig_rr_as,91617,4466,83,7200.0,21600.0,87151,0.048746411692153206
revtr,sig_rr_as,48223,3048,31,21600.0,43200.0,45175,0.06320635381456981
revtr,sig_rr_as,52656,4314,45,43200.0,86400.0,48342,0.08192798541476755
revtr,sig_rr_as,34583,3975,15,86400.0,inf,30608,0.11494086689992193
