stream,granularity,T_s,sliding_hit_rate,fill_hit_rate,measurements_needed
ndt,ip,60,0.46949478343788237,0.45368062497979467,23844491
ndt,ip,300,0.5045914604323326,0.49875844582074397,21877038
ndt,ip,600,0.5172464759929725,0.5128292480778003,21262908
ndt,ip,1800,0.5364607403813145,0.5327759786823439,20392319
ndt,ip,3600,0.5491731728251161,0.5451750698276134,19851152
ndt,ip,7200,0.564739678015009,0.5595142375884505,19225309
ndt,ip,21600,0.59131757747768,0.584104129023114,18152066
ndt,ip,43200,0.607911996093819,0.5999564355699745,17460181
ndt,ip,86400,0.631519362308758,0.6185599868614775,16648216
ndt (excl. top 10 keys),ip,60,0.46936981023870694,0.45354968383814326,23840518
ndt (excl. top 10 keys),ip,300,0.5044281913643931,0.49859305853561375,21875367
ndt (excl. top 10 keys),ip,600,0.5170881203044744,0.5126691890546363,21261254
ndt (excl. top 10 keys),ip,1800,0.5363069608785374,0.5326222604443892,20390742
ndt (excl. top 10 keys),ip,3600,0.5489914841327708,0.5450228832558562,19849728
ndt (excl. top 10 keys),ip,7200,0.5645634211264012,0.5593521999762996,19224569
ndt (excl. top 10 keys),ip,21600,0.591151937621668,0.5839411276756631,18151804
ndt (excl. top 10 keys),ip,43200,0.6077529621479065,0.5997969880331356,17460045
ndt (excl. top 10 keys),ip,86400,0.6313698757929833,0.6184065864169247,16648146
ndt,p24,60,0.49507311132764764,0.4721832728581114,23036930
ndt,p24,300,0.5637016834121502,0.5464724256105968,19794528
ndt,p24,600,0.5978816148642734,0.5790031911277215,18374700
ndt,p24,1800,0.6577360348839871,0.6344846487622985,15953173
ndt,p24,3600,0.6982395905722577,0.6716945465806379,14329121
ndt,p24,7200,0.7401064421032643,0.7109165326920299,12617250
ndt,p24,21600,0.798736526135141,0.7709465713906885,9997197
ndt,p24,43200,0.8306676907614654,0.8049529691344844,8512964
ndt,p24,86400,0.8679309500805567,0.8368436715837682,7121072
ndt (excl. top 10 keys),p24,60,0.4940848559783327,0.4715343963982805,22994886
ndt (excl. top 10 keys),p24,300,0.562425782906311,0.5454175174748435,19780043
ndt (excl. top 10 keys),p24,600,0.5966673063288638,0.5779037312223715,18366485
ndt (excl. top 10 keys),p24,1800,0.656691644134853,0.633436859021133,15950097
ndt (excl. top 10 keys),p24,3600,0.6973168890354622,0.670726744353066,14327519
ndt (excl. top 10 keys),p24,7200,0.7393114400328181,0.710050801435448,12616429
ndt (excl. top 10 keys),p24,21600,0.7981208869624971,0.7702520996815861,9996917
ndt (excl. top 10 keys),p24,43200,0.8301497613906792,0.8043593400065039,8512824
ndt (excl. top 10 keys),p24,86400,0.8675270467945455,0.8363460197115545,7121002
scamper,ip,60,0.6113495622384332,0.5000402140924461,39417090
scamper,ip,300,0.660246169606109,0.6245360555138899,29601773
scamper,ip,600,0.6679937972505281,0.6483095792834753,27727456
scamper,ip,1800,0.6804338469554254,0.6714035540176098,25906715
scamper,ip,3600,0.6877104224108311,0.6817290819272998,25092645
scamper,ip,7200,0.6962730243753716,0.6911880503681603,24346895
scamper,ip,21600,0.7098743550920978,0.705321404459009,23232614
scamper,ip,43200,0.7182392541520622,0.7138836385923933,22557563
scamper,ip,86400,0.730755191229647,0.7244059942221843,21727975
scamper (excl. top 10 keys),ip,60,0.6062190199673642,0.493592830781657,39405175
scamper (excl. top 10 keys),ip,300,0.6557609840743652,0.6196117433765276,29599237
scamper (excl. top 10 keys),ip,600,0.6636108707742161,0.6436830500213814,27726171
scamper (excl. top 10 keys),ip,1800,0.6762151549431347,0.6670710409445181,25906276
scamper (excl. top 10 keys),ip,3600,0.6835877834391262,0.6775301242173165,25092421
scamper (excl. top 10 keys),ip,7200,0.6922634295134278,0.6871126084287086,24346777
scamper (excl. top 10 keys),ip,21600,0.7060443260127054,0.7014316396730761,23232567
scamper (excl. top 10 keys),ip,43200,0.7145196333913676,0.7101066817369412,22557534
scamper (excl. top 10 keys),ip,86400,0.7272007296960125,0.7207678386289734,21727955
scamper,p24,60,0.6222106649954786,0.5089583058437678,38713983
scamper,p24,300,0.6864995729797372,0.6465280842068509,27867910
scamper,p24,600,0.7052050810267984,0.6793477430216374,25280391
scamper,p24,1800,0.7388975524400707,0.7209612681275914,21999559
scamper,p24,3600,0.7622939985391523,0.7454423214681699,20069460
scamper,p24,7200,0.787857553604954,0.7705561458681888,18089473
scamper,p24,21600,0.8269597051495893,0.8098068504646234,14994927
scamper,p24,43200,0.8491610931896303,0.8328964746440476,13174529
scamper,p24,86400,0.876354596895675,0.8555912764706363,11385259
scamper (excl. top 10 keys),p24,60,0.6163139683397941,0.501470379151544,38700165
scamper (excl. top 10 keys),p24,300,0.6816059469409329,0.6410477208424311,27864969
scamper (excl. top 10 keys),p24,600,0.7006033870215671,0.6743611057762371,25278897
scamper (excl. top 10 keys),p24,1800,0.7348218119099043,0.7166116974620326,21999042
scamper (excl. top 10 keys),p24,3600,0.7585834873240109,0.7414717564786707,20069190
scamper (excl. top 10 keys),p24,7200,0.7845460392525092,0.7669760882124178,18089324
scamper (excl. top 10 keys),p24,21600,0.824258533422024,0.8068383982674843,14994868
scamper (excl. top 10 keys),p24,43200,0.8468064554080617,0.8302881655098918,13174495
scamper (excl. top 10 keys),p24,86400,0.8744244664309813,0.853337126951521,11385236
revtr,ip,60,0.5522195559771872,0.49620914929454435,6634925
revtr,ip,300,0.5886421099956044,0.5712742271278836,5646318
revtr,ip,600,0.5989939710701573,0.5887723302029104,5415868
revtr,ip,1800,0.6159288242922418,0.6105097654145608,5129586
revtr,ip,3600,0.6281046794308792,0.6230563115456577,4964348
revtr,ip,7200,0.6428793958146846,0.6375324705795345,4773697
revtr,ip,21600,0.6729498612718193,0.6638371043156496,4427265
revtr,ip,43200,0.6913977745936047,0.6817886622466713,4190843
revtr,ip,86400,0.7186895762102943,0.7035934475014007,3903674
revtr (excl. top 10 keys),ip,60,0.5453531041383539,0.4931489379364012,6557673
revtr (excl. top 10 keys),ip,300,0.5812704478961193,0.5650589844680817,5627296
revtr (excl. top 10 keys),ip,600,0.5918065658494426,0.5821572882564297,5406077
revtr (excl. top 10 keys),ip,1800,0.6090446123056867,0.6037850940175221,5126255
revtr (excl. top 10 keys),ip,3600,0.6214387357864201,0.6164289456840809,4962668
revtr (excl. top 10 keys),ip,7200,0.6364783085448545,0.6310996843655239,4772857
revtr (excl. top 10 keys),ip,21600,0.6670878269528207,0.6578325804001479,4426985
revtr (excl. top 10 keys),ip,43200,0.6858664435730624,0.6760951230195361,4190703
revtr (excl. top 10 keys),ip,86400,0.7136474869082066,0.698285377560651,3903604
revtr,p24,60,0.5656494734737642,0.5057399017266441,6509405
revtr,p24,300,0.6202403660015464,0.596703538094422,5311414
revtr,p24,600,0.642343328955454,0.6242518317579219,4948603
revtr,p24,1800,0.6820734003092939,0.6655916982226042,4404157
revtr,p24,3600,0.7104416636629964,0.6923041527945446,4052354
revtr,p24,7200,0.7414001322247633,0.7214585209915354,3668391
revtr,p24,21600,0.789857007582157,0.7684567781668017,3049424
revtr,p24,43200,0.8175629322371247,0.7972803946302501,2669817
revtr,p24,86400,0.8525727298840342,0.8265176026209266,2284763
revtr (excl. top 10 keys),p24,60,0.5590103220210562,0.5028708693501124,6431890
revtr (excl. top 10 keys),p24,300,0.6134351445235212,0.5909449997437793,5292381
revtr (excl. top 10 keys),p24,600,0.6359330957244231,0.6182731160690388,4938808
revtr (excl. top 10 keys),p24,1800,0.6763749175205229,0.6598545207719205,4400825
revtr (excl. top 10 keys),p24,3600,0.7052517195961344,0.6869181462733189,4050674
revtr (excl. top 10 keys),p24,7200,0.736765159741405,0.7165302204726564,3667551
revtr (excl. top 10 keys),p24,21600,0.7860906888177345,0.7643277005753641,3049144
revtr (excl. top 10 keys),p24,43200,0.8142932788955259,0.7936571977869646,2669677
revtr (excl. top 10 keys),p24,86400,0.8499306735697071,0.823413111093025,2284693
