stream,granularity,level,T_s,events,fill_hit_rate,same_path_hit_rate,changed_path_hit_rate,changed_share_of_hits
scamper,ip,sig_ip,60,27390105,0.00037017017641955004,0.00022851318021599405,0.000141656996203556,0.3826807377453398
scamper,ip,sig_ip,300,27390105,0.0003905059874724832,0.00024297095611718172,0.00014753503135530148,0.37780478683620045
scamper,ip,sig_ip,600,27390105,0.0007939728599068897,0.0005050363990937604,0.0002889364608131294,0.3639122637605187
scamper,ip,sig_ip,1800,27390105,0.060620395577161895,0.0470284067914307,0.013591988785731198,0.22421478210960136
scamper,ip,sig_ip,3600,27390105,0.08779236151157507,0.06719098010029534,0.02060138141127973,0.23466029454696374
scamper,ip,sig_ip,7200,27390105,0.11338335504737934,0.08587104722672659,0.02751230782065275,0.24264855991566153
scamper,ip,sig_ip,21600,27390105,0.1534615876792002,0.11402625145102584,0.03943533622817437,0.25697203335736984
scamper,ip,sig_ip,43200,27390105,0.1778453934367904,0.13048770714825664,0.04735768628853376,0.2662857067780368
scamper,ip,sig_ip,86400,27390105,0.20805571939209433,0.1517832443504689,0.056272475041625435,0.27046829188856064
scamper,ip,sig_p24,60,27390105,0.00037017017641955004,0.0003395751860023903,3.0594990417159776e-05,0.0826511490285038
scamper,ip,sig_p24,300,27390105,0.0003905059874724832,0.00035644259122044256,3.4063396252040656e-05,0.08722887060583395
scamper,ip,sig_p24,600,27390105,0.0007939728599068897,0.0006381136545478742,0.0001558592053590156,0.19630293833632226
scamper,ip,sig_p24,1800,27390105,0.060620395577161895,0.05062076249798969,0.009999633079172204,0.16495492950790744
scamper,ip,sig_p24,3600,27390105,0.08779236151157507,0.07297259356983114,0.014819767941743925,0.1688047534726583
scamper,ip,sig_p24,7200,27390105,0.11338335504737934,0.09391081195198046,0.019472543095398868,0.17174075583900217
scamper,ip,sig_p24,21600,27390105,0.1534615876792002,0.1254059814666647,0.028055606212535514,0.18281842796507244
scamper,ip,sig_p24,43200,27390105,0.1778453934367904,0.14376177090230213,0.034083622534488274,0.19164748591929223
scamper,ip,sig_p24,86400,27390105,0.20805571939209433,0.16700056461996038,0.04105515477213395,0.1973276913131279
scamper,p24,sig_ip,60,27390105,0.023212835438199304,0.0098183632373808,0.013394472200818507,0.5770286976134079
scamper,p24,sig_ip,300,27390105,0.0615337546168589,0.02726214448612008,0.03427161013073882,0.5569562648034669
scamper,p24,sig_ip,600,27390105,0.09122287044901799,0.04066658379002198,0.050556286658996016,0.5542062687804871
scamper,p24,sig_ip,1800,27390105,0.20298312109427838,0.10830013247484813,0.09468298861943027,0.4664574478360366
scamper,p24,sig_ip,3600,27390105,0.2707383560596062,0.14354154538655475,0.12719681067305144,0.46981451953947595
scamper,p24,sig_ip,7200,27390105,0.3413500970514717,0.17799161412488196,0.16335848292658972,0.47856580190735126
scamper,p24,sig_ip,21600,27390105,0.4536285640379984,0.22651212910647842,0.22711643493151998,0.5006660799968837
scamper,p24,sig_ip,43200,27390105,0.5197717569903437,0.2521021003752998,0.267669656615044,0.5149753772019913
scamper,p24,sig_ip,86400,27390105,0.5850048037420813,0.2784261323569223,0.306578671385159,0.5240618015853495
scamper,p24,sig_p24,60,27390105,0.023212835438199304,0.01600161810259581,0.007211217335603496,0.3106564622319527
scamper,p24,sig_p24,300,27390105,0.0615337546168589,0.0433967668250998,0.018136987791759103,0.2947485961922754
scamper,p24,sig_p24,600,27390105,0.09122287044901799,0.06438598902778941,0.02683688142122858,0.29419027585003465
scamper,p24,sig_p24,1800,27390105,0.20298312109427838,0.14912710265258203,0.05385601844169637,0.2653226443231316
scamper,p24,sig_p24,3600,27390105,0.2707383560596062,0.1977297275786274,0.0730086284809788,0.2696648880622778
scamper,p24,sig_p24,7200,27390105,0.3413500970514717,0.24671646932350205,0.09463362772796964,0.27723334062418614
scamper,p24,sig_p24,21600,27390105,0.4536285640379984,0.3192667571007851,0.13436180693721328,0.29619344456880015
scamper,p24,sig_p24,43200,27390105,0.5197717569903437,0.35943892876642863,0.16033282822391517,0.3084677573716146
scamper,p24,sig_p24,86400,27390105,0.5850048037420813,0.39978108882751634,0.18522371491456496,0.3166191349707736
revtr,ip,sig_tgt,60,13169999,0.49620914929454435,0.2700448192896598,0.2261643300048846,0.4557842803310261
revtr,ip,sig_tgt,300,13169999,0.5712742271278836,0.3391294107159765,0.2321448164119071,0.40636318844459246
revtr,ip,sig_tgt,600,13169999,0.5887723302029104,0.3565293361070111,0.23224299409589932,0.3944529696493392
revtr,ip,sig_tgt,1800,13169999,0.6105097654145608,0.3782073939413359,0.23230237147322486,0.3805055785069747
revtr,ip,sig_tgt,3600,13169999,0.6230563115456577,0.3907490805428307,0.23230723100282696,0.3728510998091437
revtr,ip,sig_tgt,7200,13169999,0.6375324705795345,0.4051348067680187,0.23239766381151586,0.3645267881026671
revtr,ip,sig_tgt,21600,13169999,0.6638371043156496,0.4314673827993457,0.23236972151630383,0.3500402734430671
revtr,ip,sig_tgt,43200,13169999,0.6817886622466713,0.4492307098884366,0.23255795235823482,0.3410997648331313
revtr,ip,sig_tgt,86400,13169999,0.7035934475014007,0.47087702892004774,0.23271641858135297,0.3307541015451109
revtr,ip,sig_ip,60,6910430,0.3874049805873151,0.3789348853833987,0.008470095203916398,0.021863671424862775
revtr,ip,sig_ip,300,6910430,0.494845472712986,0.4798222397159077,0.015023232997078329,0.030359443150431556
revtr,ip,sig_ip,600,6910430,0.5199580923328939,0.496953879859864,0.0230042124730299,0.04424243571211093
revtr,ip,sig_ip,1800,6910430,0.5498769251696349,0.5038275476345176,0.04604937753511721,0.08374488076747566
revtr,ip,sig_ip,3600,6910430,0.5666026571428985,0.5078100783887544,0.0587925787541441,0.10376333046266756
revtr,ip,sig_ip,7200,6910430,0.5856425721698939,0.5134356328043262,0.0722069393655677,0.12329523637263957
revtr,ip,sig_ip,21600,6910430,0.6206600746986801,0.5263155838348699,0.09434449086381021,0.15200670175153905
revtr,ip,sig_ip,43200,6910430,0.6437330238494565,0.5239862063576363,0.11974681749182034,0.18601937923853404
revtr,ip,sig_ip,86400,6910430,0.671203239161673,0.5077581279312575,0.16344511123041547,0.2435106115318469
revtr,ip,sig_as,60,6889447,0.38784506216536685,0.38485280458649296,0.0029922575788738923,0.007715084890259794
revtr,ip,sig_as,300,6889447,0.4954423773054644,0.4902042210354474,0.005238156270017028,0.010572685159685983
revtr,ip,sig_as,600,6889447,0.52055643943556,0.5127533458055487,0.007803093630011233,0.014989908949108647
revtr,ip,sig_as,1800,6889447,0.5504257453464697,0.5350163808503062,0.01540936449616348,0.027995355643228383
revtr,ip,sig_as,3600,6889447,0.5670944271724566,0.5470948539120775,0.019999573260379242,0.03526674271884047
revtr,ip,sig_as,7200,6889447,0.5860690995953667,0.5608958164566764,0.02517328313869023,0.042952756178529714
revtr,ip,sig_as,21600,6889447,0.6209716106387059,0.5862805824618434,0.03469102817686238,0.05586572329962173
revtr,ip,sig_as,43200,6889447,0.6440068411876889,0.598677803893404,0.045329037294285016,0.0703859561657581
revtr,ip,sig_as,86400,6889447,0.6714135401578676,0.6068823811258001,0.06453115903206745,0.09611238852420882
revtr,ip,sig_rr_ip,60,3945780,0.34238807029281915,0.33844537708640626,0.003942693206412927,0.011515276227472043
revtr,ip,sig_rr_ip,300,3945780,0.427438934760681,0.4209291952414985,0.006509739519182519,0.015229636305422808
revtr,ip,sig_rr_ip,600,3945780,0.45030665673200226,0.44131502516612686,0.008991631565875442,0.01996779623719124
revtr,ip,sig_rr_ip,1800,3945780,0.48027994464972706,0.4641130524256294,0.016166892224097642,0.033661393535572924
revtr,ip,sig_rr_ip,3600,3945780,0.49804499997465645,0.4764667568896391,0.02157824308501741,0.04332589040370939
revtr,ip,sig_rr_ip,7200,3945780,0.5185590681690312,0.4910342188363264,0.027524849332704812,0.05307948702910875
revtr,ip,sig_rr_ip,21600,3945780,0.5574005646538834,0.5182645763321827,0.039135988321700656,0.07021160508870682
revtr,ip,sig_rr_ip,43200,3945780,0.583642270983177,0.5329648383842992,0.05067743259887779,0.08682961313530103
revtr,ip,sig_rr_ip,86400,3945780,0.6153503236368981,0.5442764168301324,0.07107390680676572,0.11550153477891811
revtr,ip,sig_rr_as,60,3888448,0.34372994058297807,0.3422902916536366,0.001439648929341475,0.0041883140203026244
revtr,ip,sig_rr_as,300,3888448,0.42916814111954177,0.4271084504666129,0.0020596906529288805,0.004799262702855588
revtr,ip,sig_rr_as,600,3888448,0.4520158171074938,0.4493929197458729,0.0026228973616208833,0.005802667212853599
revtr,ip,sig_rr_as,1800,3888448,0.4818421128429646,0.47760880433530295,0.004233308507661669,0.008785675628650024
revtr,ip,sig_rr_as,3600,3888448,0.4994429654196224,0.4937291176325362,0.005713847787086262,0.01144044101669466
revtr,ip,sig_rr_as,7200,3888448,0.5197747276034037,0.5121362044702668,0.007638523133136923,0.014695834036327437
revtr,ip,sig_rr_as,21600,3888448,0.5583569588689369,0.5458722863209178,0.012484672548019158,0.02235966141321019
revtr,ip,sig_rr_as,43200,3888448,0.5845100667412808,0.5668765533189591,0.01763351342232171,0.030168023487826007
revtr,ip,sig_rr_as,86400,3888448,0.6161417100087233,0.5877303746893362,0.028411335319387068,0.04611168966143328
revtr,p24,sig_tgt,60,13169999,0.5057399017266441,0.2802839240914141,0.2254559776352299,0.4457943240497769
revtr,p24,sig_tgt,300,13169999,0.596703538094422,0.3650340444217194,0.23166949367270262,0.38824890231511144
revtr,p24,sig_tgt,600,13169999,0.6242518317579219,0.3923475620613183,0.23190426969660363,0.3714915325815713
revtr,p24,sig_tgt,1800,13169999,0.6655916982226042,0.4333808985103188,0.23221079971228548,0.3488787500390721
revtr,p24,sig_tgt,3600,13169999,0.6923041527945446,0.4599026165453771,0.2324015362491675,0.3356928241887022
revtr,p24,sig_tgt,7200,13169999,0.7214585209915354,0.4887890272429026,0.23266949374863277,0.32249878125891956
revtr,p24,sig_tgt,21600,13169999,0.7684567781668017,0.5354983701972946,0.23295840796950706,0.3031509573319698
revtr,p24,sig_tgt,43200,13169999,0.7972803946302501,0.5639950314347024,0.2332853631955477,0.29260140443279936
revtr,p24,sig_tgt,86400,13169999,0.8265176026209266,0.5928666357529716,0.23365096686795497,0.28269327371496583
revtr,p24,sig_ip,60,6910430,0.4003536682956053,0.38116412437431535,0.019189543921289992,0.047931480190962536
revtr,p24,sig_ip,300,6910430,0.5259195158622546,0.4854739864234208,0.04044552943883376,0.07690440879061615
revtr,p24,sig_ip,600,6910430,0.5614688232136061,0.5040090124637685,0.05745981074983757,0.10233838171274108
revtr,p24,sig_ip,1800,6910430,0.6098200835548584,0.511346327218422,0.09847375633643637,0.16148001515856578
revtr,p24,sig_ip,3600,6910430,0.6388340522948645,0.5158202890413477,0.12301376325351679,0.19255980925189903
revtr,p24,sig_ip,7200,6910430,0.6703422218299006,0.5215009775079119,0.14884124432198864,0.22203769876777527
revtr,p24,sig_ip,21600,6910430,0.7217139888545286,0.5322791779961594,0.18943481085836916,0.26247906204372096
revtr,p24,sig_ip,43200,6910430,0.7534917508751264,0.5259154640159874,0.227576286859139,0.3020289028975109
revtr,p24,sig_ip,86400,6910430,0.7868440892969034,0.5016511273538694,0.28519296194303395,0.36245167984660404
revtr,p24,sig_as,60,6889447,0.40077657902005775,0.394857671450263,0.005918907569794789,0.014768596469053057
revtr,p24,sig_as,300,6889447,0.5264248349686121,0.5137886974092405,0.012636137559371602,0.024003688124108025
revtr,p24,sig_as,600,6889447,0.5619198463969605,0.5439705102601123,0.01794933613684814,0.03194287628732031
revtr,p24,sig_as,1800,6889447,0.6101028137672008,0.5790386369181736,0.031064176849027215,0.05091629828293251
revtr,p24,sig_as,3600,6889447,0.6389714588122966,0.5995578454990654,0.039413613313231094,0.061682901121267744
revtr,p24,sig_as,7200,6889447,0.670360044862817,0.6216731183213979,0.048686926541419075,0.07262802566251156
revtr,p24,sig_as,21600,6889447,0.7215795404188464,0.6566866687558522,0.06489287166299414,0.08993169571482941
revtr,p24,sig_as,43200,6889447,0.753324904016244,0.6712921951500607,0.08203270886618332,0.10889419482727526
revtr,p24,sig_as,86400,6889447,0.7866695251447613,0.6773098044008466,0.10935972074391458,0.13901608902898638
revtr,p24,sig_rr_ip,60,3945780,0.35755439989051596,0.34464643239106085,0.012907967499455114,0.036100709440039236
revtr,p24,sig_rr_ip,300,3945780,0.46597047985442674,0.4346532244575217,0.031317255396905046,0.0672086682544543
revtr,p24,sig_rr_ip,600,3945780,0.5026448509546908,0.4585194815727182,0.04412536938197264,0.08778637500844541
revtr,p24,sig_rr_ip,1800,3945780,0.5574461830107101,0.48461749007800736,0.07282869293270279,0.13064703849860881
revtr,p24,sig_rr_ip,3600,3945780,0.5917595507098723,0.49936032926316215,0.09239922144671016,0.1561431857514905
revtr,p24,sig_rr_ip,7200,3945780,0.6288310549498451,0.5168914637916965,0.11193959115814871,0.17801218670263808
revtr,p24,sig_rr_ip,21600,3945780,0.688649645950864,0.5478207097202581,0.14082893623060586,0.20450012144586827
revtr,p24,sig_rr_ip,43200,3945780,0.7252193482657421,0.5628511979887373,0.1623681502770048,0.22388833208226575
revtr,p24,sig_rr_ip,86400,3945780,0.7626038451206099,0.5711552595431069,0.19144858557750305,0.25104592220778066
revtr,p24,sig_rr_as,60,3888448,0.35882079431176656,0.35574475986306103,0.003076034448705499,0.008572620365008285
revtr,p24,sig_rr_as,300,3888448,0.4675158315091265,0.4610659574205441,0.006449874088582386,0.013796054922380688
revtr,p24,sig_rr_as,600,3888448,0.5041417552709976,0.4954200236186777,0.008721731652319898,0.017300157269519556
revtr,p24,sig_rr_as,1800,3888448,0.5587177712033181,0.5445069601033625,0.014210811099955561,0.025434686047929964
revtr,p24,sig_rr_as,3600,3888448,0.5928038641638,0.5741033440591208,0.018700520104679295,0.03154588091468999
revtr,p24,sig_rr_as,7200,3888448,0.629629867751864,0.6051532642329279,0.024476603518936088,0.03887459088675615
revtr,p24,sig_rr_as,21600,3888448,0.6890317165100318,0.6533956478265879,0.035636068683443885,0.05171905418801581
revtr,p24,sig_rr_as,43200,3888448,0.7253924959263953,0.6790333829846766,0.04635911294171865,0.06390900540336256
revtr,p24,sig_rr_as,86400,3888448,0.7625926847935217,0.7010213329328308,0.06157135186069095,0.08073949972043319
